{"c1": 0.09457416090031759, "c2": 0.038729833462074176, "c3": 6.708203932499368}