{"c1": 0.044721359549995794, "c2": 0.022360679774997897, "c3": 3.8729833462074175}