{"c1": 0.13867225487012697, "c2": 0.001666666666666666, "c3": 0.16666666666666666}