{"c1": 0.044721359549995794, "c2": 0.015249932503525541, "c3": 7.473826708504415}