{"c1": 0.03662841501484707, "c2": 0.015762360150052925, "c3": 2.4102852568339546}