{"c1": 0.021147425268811283, "c2": 0.004999999999999999, "c3": 6.2233297728847825}