{"c1": 0.01, "c2": 0.015504029424139006, "c3": 0.16666666666666666}